{
  "policy_losses": [
    1.8339181807306077,
    1.580634742975235,
    1.2603954429979678
  ],
  "value_losses": [
    0.450694154534075,
    0.29035175871104,
    0.1910627248386542
  ],
  "total_losses": [
    2.2846123352646828,
    1.870986501686275,
    1.451458167836622
  ],
  "win_rates": [],
  "buffer_sizes": [
    706,
    1428,
    2188
  ],
  "iteration_times": [
    24.87902522087097,
    26.56654930114746
  ]
}